{
  "recipes": [
    {
      "name": "Crème Pâtissière",
      "category": "Massas Base",
      "prep_time": 30,
      "baking_time": 0,
      "difficulty": "Médio",
      "servings": 20,
      "pan_size": "Recipiente 2L",
      "temperature": 0,
      "image_url": "https://images.unsplash.com/photo-1614145121029-83a9f7b68bf4",
      "ingredients": [
        {"amount": 500, "unit": "ml", "item": "leite integral"},
        {"amount": 125, "unit": "gramas", "item": "açúcar"},
        {"amount": 4, "unit": "unidades", "item": "gemas"},
        {"amount": 50, "unit": "gramas", "item": "amido de milho"},
        {"amount": 1, "unit": "unidade", "item": "fava de baunilha"},
        {"amount": 25, "unit": "gramas", "item": "manteiga"}
      ],
      "instructions": [
        "Ferva o leite com metade do açúcar e a baunilha",
        "Misture as gemas com o restante do açúcar e o amido",
        "Tempere com o leite quente e volte ao fogo",
        "Cozinhe até espessar, mexendo constantemente",
        "Adicione a manteiga e misture até incorporar",
        "Cubra com filme plástico em contato e resfrie"
      ]
    },
    {
      "name": "Macarons de Framboesa",
      "category": "Pastelaria Fina",
      "prep_time": 120,
      "baking_time": 15,
      "difficulty": "Difícil",
      "servings": 40,
      "pan_size": "2 tabuleiros 40x60cm",
      "temperature": 150,
      "image_url": "https://images.unsplash.com/photo-1569864358642-9d1684040f43",
      "ingredients": [
        {"amount": 200, "unit": "gramas", "item": "farinha de amêndoas"},
        {"amount": 200, "unit": "gramas", "item": "açúcar de confeiteiro"},
        {"amount": 75, "unit": "gramas", "item": "claras envelhecidas"},
        {"amount": 75, "unit": "gramas", "item": "claras para merengue"},
        {"amount": 200, "unit": "gramas", "item": "açúcar"},
        {"amount": 50, "unit": "gramas", "item": "água"}
      ],
      "instructions": [
        "Peneire a farinha de amêndoas com o açúcar de confeiteiro",
        "Faça um merengue italiano com as claras e a calda de açúcar",
        "Misture as claras envelhecidas ao pó peneirado",
        "Incorpore o merengue delicadamente",
        "Forme os macarons em tapete de silicone",
        "Deixe secar por 30 minutos",
        "Asse a 150°C por 15 minutos"
      ]
    },
    {
      "name": "Tarte Tatin",
      "category": "Pastelaria Clássica",
      "prep_time": 60,
      "baking_time": 45,
      "difficulty": "Médio",
      "servings": 8,
      "pan_size": "Forma Tatin 24cm",
      "temperature": 180,
      "image_url": "https://images.unsplash.com/photo-1519915028121-7d3463d20b13",
      "ingredients": [
        {"amount": 300, "unit": "gramas", "item": "farinha de trigo"},
        {"amount": 150, "unit": "gramas", "item": "manteiga para massa"},
        {"amount": 80, "unit": "ml", "item": "água gelada"},
        {"amount": 5, "unit": "gramas", "item": "sal"},
        {"amount": 1000, "unit": "gramas", "item": "maçãs"},
        {"amount": 200, "unit": "gramas", "item": "açúcar para caramelo"},
        {"amount": 100, "unit": "gramas", "item": "manteiga para caramelo"}
      ],
      "instructions": [
        "Prepare a massa folheada e deixe descansar",
        "Descasque e corte as maçãs em quartos",
        "Faça o caramelo na forma Tatin",
        "Arrume as maçãs em círculo sobre o caramelo",
        "Cozinhe em fogo baixo por 15 minutos",
        "Cubra com a massa folheada",
        "Asse por 45 minutos a 180°C",
        "Desenforme ainda morna"
      ]
    },
    {
      "name": "Croissants",
      "category": "Petit Déjeuner",
      "prep_time": 180,
      "baking_time": 18,
      "difficulty": "Difícil",
      "servings": 15,
      "pan_size": "2 tabuleiros 40x60cm",
      "temperature": 170,
      "image_url": "https://images.unsplash.com/photo-1555507036-ab1f4038808a",
      "ingredients": [
        {"amount": 500, "unit": "gramas", "item": "farinha T55"},
        {"amount": 10, "unit": "gramas", "item": "sal"},
        {"amount": 55, "unit": "gramas", "item": "açúcar"},
        {"amount": 25, "unit": "gramas", "item": "levedura fresca"},
        {"amount": 300, "unit": "ml", "item": "leite"},
        {"amount": 250, "unit": "gramas", "item": "manteiga para folhagem"}
      ],
      "instructions": [
        "Prepare a massa base e deixe fermentar 1 hora",
        "Incorpore a manteiga em placa",
        "Faça 3 voltas simples com descanso",
        "Corte e forme os croissants",
        "Deixe fermentar por 2 horas",
        "Pincele com ovo",
        "Asse a 170°C por 18 minutos"
      ]
    },
    {
      "name": "Pâte Sucrée",
      "category": "Massas Base",
      "prep_time": 20,
      "baking_time": 15,
      "difficulty": "Médio",
      "servings": 1,
      "pan_size": "Forma 24cm",
      "temperature": 180,
      "image_url": "https://images.unsplash.com/photo-1621236378699-8597ffc460c9",
      "ingredients": [
        {"amount": 250, "unit": "gr", "item": "farinha de trigo"},
        {"amount": 125, "unit": "gramas", "item": "manteiga"},
        {"amount": 100, "unit": "gramas", "item": "açúcar de confeiteiro"},
        {"amount": 50, "unit": "gramas", "item": "amêndoas em pó"},
        {"amount": 1, "unit": "unidade", "item": "ovo"},
        {"amount": 2, "unit": "gramas", "item": "sal"}
      ],
      "instructions": [
        "Misture a farinha com o açúcar, amêndoas e sal",
        "Adicione a manteiga fria em cubos",
        "Trabalhe até obter textura arenosa",
        "Incorpore o ovo",
        "Forme uma bola e deixe descansar 2 horas",
        "Asse em branco a 180°C por 15 minutos"
      ]
    },
    {
      "name": "Petit Fours",
      "category": "Pastelaria Fina",
      "prep_time": 90,
      "baking_time": 12,
      "difficulty": "Difícil",
      "servings": 50,
      "pan_size": "Tabuleiro 40x60cm",
      "temperature": 170,
      "image_url": "https://images.unsplash.com/photo-1603532648955-039310d9ed75",
      "ingredients": [
        {"amount": 150, "unit": "gramas", "item": "manteiga"},
        {"amount": 150, "unit": "gramas", "item": "açúcar"},
        {"amount": 150, "unit": "gramas", "item": "farinha de amêndoas"},
        {"amount": 4, "unit": "unidades", "item": "ovos"},
        {"amount": 35, "unit": "gramas", "item": "farinha de trigo"},
        {"amount": 200, "unit": "gramas", "item": "chocolate cobertura"}
      ],
      "instructions": [
        "Bata a manteiga com açúcar até branquear",
        "Adicione a farinha de amêndoas",
        "Incorpore os ovos um a um",
        "Adicione a farinha peneirada",
        "Espalhe fino em tapete de silicone",
        "Asse a 170°C por 12 minutos",
        "Corte em quadrados e cubra com chocolate"
      ]
    },
    {
      "name": "Chocolates Trufados",
      "category": "Chocolataria",
      "prep_time": 120,
      "baking_time": 0,
      "difficulty": "Difícil",
      "servings": 50,
      "pan_size": "Formas de chocolate",
      "temperature": 0,
      "image_url": "https://images.unsplash.com/photo-1581343109297-b0730386afb9",
      "ingredients": [
        {"amount": 500, "unit": "gramas", "item": "chocolate amargo 70%"},
        {"amount": 200, "unit": "ml", "item": "creme de leite"},
        {"amount": 50, "unit": "gramas", "item": "manteiga"},
        {"amount": 50, "unit": "ml", "item": "licor de café"},
        {"amount": 50, "unit": "gramas", "item": "cacau em pó"},
        {"amount": 200, "unit": "gramas", "item": "chocolate para banhar"}
      ],
      "instructions": [
        "Derreta o chocolate em banho-maria",
        "Aqueça o creme de leite",
        "Faça uma ganache",
        "Adicione a manteiga e o licor",
        "Deixe cristalizar 4 horas",
        "Forme as trufas",
        "Banhe em chocolate temperado",
        "Finalize com cacau em pó"
      ]
    }
  ]
}